Data_Hora,IdTweet,Tweet,Candidato,Tweet_limpo,Sentimento_Final
2022-07-31 22:00:15+00:00,1553863135819431936,@alexandrekalil @LulaOficial Pior de todos os tempos!,Lula,  pior de todos os tempos!,Neutro
2022-07-31 22:00:14+00:00,1553863132363243523,@JanainaDoBrasil Lula serÃ¡ presidente MÃ¡rcio FranÃ§a serÃ¡ senador e vc nÃ£o serÃ¡ mais nada junto com. Sua direta maldita,Lula, lula serÃ¡ presidente mÃ¡rcio franÃ§a serÃ¡ senador e vc nÃ£o serÃ¡ mais nada junto com. sua direta maldita,Neutro
2022-07-31 22:00:13+00:00,1553863127997071360,"Votarei no @ColetivoGuarnic para deputado estadual.
E vou votar tambÃ©m em @LulaOficial presidente, @FlavioDino senador, @CarlosBrandaoMA governador, @FelipeCCamarao vice governador e @MarcioJerry deputado federal.
Esse Ã© meu time. https://t.co/XPssosTjxi",Lula,"votarei no  para deputado estadual.e vou votar tambÃ©m em  presidente,  senador,  governador,  vice governador e  deputado federal.esse Ã© meu time. ",Negativo
2022-07-31 22:00:13+00:00,1553863126575087617,"Lula fracassa como cabo eleitoral em estados-chave https://t.co/UjvIeZHu5P via @YouTube TEM QUE SER BOLSONARO SENÃƒO ESTAMOS FERRADOS COM A DITADURA QUE ELE JÃ FALOU EM ALGUNS DISCURSOS ANTERIORES,PENSEM COM CONSCIÃŠNCIA E PAIS QUE TEM FILHOS DE 16 ANOS ,SE QUISEREM TIRAR O TÃTULO",Lula,"lula fracassa como cabo eleitoral em estados-chave  via  tem que ser bolsonaro senÃ£o estamos ferrados com a ditadura que ele jÃ¡ falou em alguns discursos anteriores,pensem com consciÃªncia e pais que tem filhos de 16 anos ,se quiserem tirar o tÃ­tulo",Neutro
2022-07-31 22:00:12+00:00,1553863122645295104,@JornalOGlobo Ele recobrou o juÃ­zo.  Afinal ele trabalhou com o Lula.,Lula, ele recobrou o juÃ­zo.  afinal ele trabalhou com o lula.,Neutro
2022-07-31 22:00:12+00:00,1553863121344806914,@LaManchaES @LulaOficial Pior q lixo basculho,Lula,  pior q lixo basculho,Neutro
2022-07-31 22:00:11+00:00,1553863120539598853,Lula 13. https://t.co/hW4nJK9Go1,Lula,lula 13. ,Neutro
2022-07-31 22:00:11+00:00,1553863118840897536,"@Fabiopf08Fabio Ã‰ melhor ir logo desocupando o gabinete, pq LULA vai ser eleito no primeiro turno ğŸ™ğŸ™Œâ¤ï¸ TIC TAC âŒšğŸ•°ï¸",Lula," Ã© melhor ir logo desocupando o gabinete, pq lula vai ser eleito no primeiro turno ğŸ™ğŸ™Œâ¤ï¸ tic tac âŒšğŸ•°ï¸",Negativo
2022-07-31 22:00:09+00:00,1553863109877665794,"Veja o que Lula diz em sua conta no Twitter LulaOficial

E dados estatÃ­sticos dos dos Ãºltimos 7 dias:
Seguidores:3.937.028
PublicaÃ§Ãµes: 100
Total de likes: 1.104.795
Total de retweets: 127.614

 #LulaPresidente2022 https://t.co/5US3iYfRGl",Lula,veja o que lula diz em sua conta no twitter lulaoficiale dados estatÃ­sticos dos dos Ãºltimos 7 dias:seguidores:3.937.028publicaÃ§Ãµes: 100total de likes: 1.104.795total de retweets: 127.614  ,Positivo
2022-07-31 22:00:09+00:00,1553863108166295552,@UOLNoticias @LulaOficial https://t.co/6ceLtY6uBK,Lula,  ,Neutro
2022-07-31 22:00:06+00:00,1553863096443322368,"@Adriana_Bueno @LulaOficial Representa a fome que elas vÃ£o passar se ele entrar, nÃ©? Ou vc Ã© corrupta e vai participar dos roubos que essa quadrilha chamada PT vai cometer se voltar ao poder?",Lula,"  representa a fome que elas vÃ£o passar se ele entrar, nÃ©? ou vc Ã© corrupta e vai participar dos roubos que essa quadrilha chamada pt vai cometer se voltar ao poder?",Neutro
2022-07-31 22:00:05+00:00,1553863092433752064,"@LulaOficial @ricardostuckert #foralula #forapt #LulaNuncaMais 
#capitaodopovo 
#BolsonaroReeleito2022",Lula,      ,Neutro
2022-07-31 22:00:05+00:00,1553863092022480897,"@brennocorrea O maior corrupto do CearÃ¡ falando em conchavos, o cara que aceitou ser Ministro do larÃ¡pio e depois dos escÃ¢ndalos de corrupÃ§Ã£o do governo Lula, nunca deixou de apoiar o nine...",Lula," o maior corrupto do cearÃ¡ falando em conchavos, o cara que aceitou ser ministro do larÃ¡pio e depois dos escÃ¢ndalos de corrupÃ§Ã£o do governo lula, nunca deixou de apoiar o nine...",Neutro
2022-07-31 22:00:05+00:00,1553863091632443393,"@rosangelamorosp Vc e seu marido, o Marreco de MarigÃ¡, tÃªm obsessÃ£o por Lula!
O tratamento para o casal Ã© urgente, incluindo prestar contas Ã  justiÃ§a por tudo que vcs fizeram contra o ex-presidente Lula e o PT!
O casal ser contra Lula e o PT, significa mesmo o quÃª?",Lula," vc e seu marido, o marreco de marigÃ¡, tÃªm obsessÃ£o por lula!o tratamento para o casal Ã© urgente, incluindo prestar contas Ã  justiÃ§a por tudo que vcs fizeram contra o ex-presidente lula e o pt!o casal ser contra lula e o pt, significa mesmo o quÃª?",Neutro
2022-07-31 22:00:04+00:00,1553863087987515392,@LulaOficial https://t.co/u8KIItDwUe,Lula, ,Neutro
2022-07-31 22:00:03+00:00,1553863083851915265,"@alexandrekalil @LulaOficial A sobrevivÃªncia do paÃ­s nÃ£o, seja honesto, Ã© a sobrevivÃªncia dos desmandos, o desespero estÃ¡ grande, Ã© mi mi mi pra todos os lados. Mas vou lhe dar um  conselho. Ã‰ melhor JAIR se acostumando. https://t.co/SJVfZOpMOX",Lula,"  a sobrevivÃªncia do paÃ­s nÃ£o, seja honesto, Ã© a sobrevivÃªncia dos desmandos, o desespero estÃ¡ grande, Ã© mi mi mi pra todos os lados. mas vou lhe dar um  conselho. Ã© melhor jair se acostumando. ",Neutro
2022-07-31 22:00:02+00:00,1553863082509746177,"@AndresFGuevaraB Galeano y Mujica le corren al rojo , Lula lo medita; que quedara para estos rojos que ni siquiera tiraron una piedra por la revolucion ,se entregan por el cochino dolar que tanto denostaron.",Lula," galeano y mujica le corren al rojo , lula lo medita; que quedara para estos rojos que ni siquiera tiraron una piedra por la revolucion ,se entregan por el cochino dolar que tanto denostaron.",Neutro
2022-07-31 22:00:02+00:00,1553863081813590017,@JoaoEnsina @ThiagoResiste @LulaOficial https://t.co/PgUw9x6voq,Lula,   ,Neutro
2022-07-31 22:00:02+00:00,1553863078915330048,"@carlinha @LulaOficial Mulher tÃ¡ demais mermo. Laranjeiraaaas 
Satisfeito sorri, quando chego aliâ€¦",Lula,"  mulher tÃ¡ demais mermo. laranjeiraaaas satisfeito sorri, quando chego aliâ€¦",Neutro
2022-07-31 22:00:01+00:00,1553863078223220736,"@alertatotal @LulaOficial @jairbolsonaro @cirogomes JÃ¡ vi analista ruim, mas tu tÃ¡ de parabÃ©ns",Lula,"    jÃ¡ vi analista ruim, mas tu tÃ¡ de parabÃ©ns",Neutro
2022-07-31 22:00:01+00:00,1553863077505875968,"Tinha tambÃ©m um tipo de lula, caracÃ³is e outros animais marinhos. EspÃ©cies de atÃ© 183 milhÃµes de anos. 

https://t.co/OTYYUZP7BA",Lula,"tinha tambÃ©m um tipo de lula, caracÃ³is e outros animais marinhos. espÃ©cies de atÃ© 183 milhÃµes de anos. ",Neutro
2022-07-31 22:00:01+00:00,1553863077300404226,"@edomilsonpapo10 Lula Ã© pior, pq pensa igual, mas tem controle verbal e gestual perante o pÃºblico. Psicopata mais refinado.",Lula," lula Ã© pior, pq pensa igual, mas tem controle verbal e gestual perante o pÃºblico. psicopata mais refinado.",Neutro
2022-07-31 22:00:01+00:00,1553863076805455872,"ğŸ“ ğŸ—£ï¸ Em artigo para o Reconta AÃ­, @Maufalavigna escreve que Bolsonaro - atual candidato Ã  reeleiÃ§Ã£o - nÃ£o enfrentarÃ¡ uma eleiÃ§Ã£o sem a supressÃ£o do nome de Lula das cÃ©dulas.

Leia: â¬ https://t.co/4S5GI2wcku",Lula,"ğŸ“ ğŸ—£ï¸ em artigo para o reconta aÃ­,  escreve que bolsonaro - atual candidato Ã  reeleiÃ§Ã£o - nÃ£o enfrentarÃ¡ uma eleiÃ§Ã£o sem a supressÃ£o do nome de lula das cÃ©dulas.leia: â¬ ",Neutro
2022-07-31 22:00:01+00:00,1553863076256120840,@BiraFB @salseira @LulaOficial DILMA CAIU POR MENOS,Lula,   dilma caiu por menos,Neutro
2022-07-31 22:00:00+00:00,1553863072023986176,@alexandrekalil @LulaOficial O lalau do pcc te roubou @alexandrekalil,Lula,  o lalau do pcc te roubou ,Neutro
2022-07-31 21:59:59+00:00,1553863068970524681,"@LulaOficial Que vagabundo mentiroso.
SÃ³ vai em ambiente controlado com alguns gatos pingados. 
#capitaodopovo https://t.co/upA6M8xC4v",Lula, que vagabundo mentiroso.sÃ³ vai em ambiente controlado com alguns gatos pingados.  ,Neutro
2022-07-31 21:59:58+00:00,1553863065740910594,"@LulaOficial Sim construiremos paredes e poremos grades p q possamos manter presos ou prender todos os polÃ­ticos q surrupiaram a naÃ§Ã£o, foram desmandos, autoritarismos e corrupÃ§Ãµes descaradas em qs 20anos de presidentes q sÃ³ se sucederam na destruiÃ§Ã£o do paÃ­s.
#anulalÃ¡ #nulojÃ¡",Lula," sim construiremos paredes e poremos grades p q possamos manter presos ou prender todos os polÃ­ticos q surrupiaram a naÃ§Ã£o, foram desmandos, autoritarismos e corrupÃ§Ãµes descaradas em qs 20anos de presidentes q sÃ³ se sucederam na destruiÃ§Ã£o do paÃ­s. ",Neutro
2022-07-31 21:59:58+00:00,1553863063593517056,@raseng_a @WDordet Pensa mas nÃ£o demora muito. Tu Ã© engenheiro pesquisa fatos e dados!!! Tenho certeza que Ã© pela industrializaÃ§Ã£o e desenvolvimento do paÃ­s! Essas sÃ£o as bases do projeto do Ciro! Precisamos de ajuda pra bater o Lula no 2 turno!,Lula,  pensa mas nÃ£o demora muito. tu Ã© engenheiro pesquisa fatos e dados!!! tenho certeza que Ã© pela industrializaÃ§Ã£o e desenvolvimento do paÃ­s! essas sÃ£o as bases do projeto do ciro! precisamos de ajuda pra bater o lula no 2 turno!,Negativo
2022-07-31 21:59:57+00:00,1553863058484862976,@DeputadoFederal @LulaOficial Cadeia nele https://t.co/96ZCqajRfE,Lula,  cadeia nele ,Neutro
2022-07-31 21:59:55+00:00,1553863052570787841,"@LulaOficial Na fila da cara de pau, o Lula nÃ£o deixou ninguÃ©m entrar , sÃ³ ele, fominha.",Lula," na fila da cara de pau, o lula nÃ£o deixou ninguÃ©m entrar , sÃ³ ele, fominha.",Neutro
2022-07-31 21:59:54+00:00,1553863046552059904,"ğŸ¤©63 DIASğŸ¤© 
@LulaOficial 
#LulaNo1ÂºTurno https://t.co/NKyBROv31U",Lula,ğŸ¤©63 diasğŸ¤©   ,Neutro
2022-07-31 21:59:53+00:00,1553863041959297027,@LulaOficial de volta para roubar,Lula, de volta para roubar,Neutro
2022-07-31 21:59:52+00:00,1553863039316795392,@CarmenaleSilva @Nilsonhandebol @LulaOficial @ptbrasil @la_verah,Lula,    ,Neutro
2022-07-31 21:59:52+00:00,1553863037567881216,"@PedroRonchi2 Odeio o Bozo, mas antes de falar dos outros, veja o que o Lula aprontou jÃ¡...Foi tÃ³xico com a esposa, tinha amante...Ã© realmente a hipocrisia impera...",Lula," odeio o bozo, mas antes de falar dos outros, veja o que o lula aprontou jÃ¡...foi tÃ³xico com a esposa, tinha amante...Ã© realmente a hipocrisia impera...",Neutro
2022-07-31 21:59:51+00:00,1553863034564743168,@LulaOficial Sempre em ambientes fechados. Tem medo do povo,Lula, sempre em ambientes fechados. tem medo do povo,Neutro
2022-07-31 21:59:51+00:00,1553863034489212928,@LulaOficial @gioewbank @brunogagliasso Como Ã© fÃ¡cil escolher um lado!!!! https://t.co/X5DpMSJp29,Lula,   como Ã© fÃ¡cil escolher um lado!!!! ,Neutro
2022-07-31 21:59:49+00:00,1553863025656041473,@LulaOficial https://t.co/QwlcYj415x,Lula, ,Neutro
2022-07-31 21:59:48+00:00,1553863022099431424,@LulaOficial @ricardostuckert Vc quer dizer sua conta bancÃ¡ria nÃ©....nÃ£o conte com minha ajuda e milhÃµes de brasileiros que descobriram suas mentiras e como Sr destruÃ­ nosso paÃ­s .. mandando nossos dinheiro suado pelo impostos que pagamos....para os paÃ­ses esquerda/comunista que Sr Ã© seu partido bancavam...,Lula,  vc quer dizer sua conta bancÃ¡ria nÃ©....nÃ£o conte com minha ajuda e milhÃµes de brasileiros que descobriram suas mentiras e como sr destruÃ­ nosso paÃ­s .. mandando nossos dinheiro suado pelo impostos que pagamos....para os paÃ­ses esquerda/comunista que sr Ã© seu partido bancavam...,Neutro
2022-07-31 21:59:48+00:00,1553863020421447682,"@pauloeneas ""Quem primeiro"" essa fala tem ar de imaturidade Ã© o mesmo de dizer que um erro justifica o outro. Sinceramente vocÃª deveria sair do armÃ¡rio e falar abertamente que nÃ£o se importa se Lula ganhar nesse momento como isentÃ£o sÃ³ ajudarÃ¡ o lado esquerdo.",Lula," ""quem primeiro"" essa fala tem ar de imaturidade Ã© o mesmo de dizer que um erro justifica o outro. sinceramente vocÃª deveria sair do armÃ¡rio e falar abertamente que nÃ£o se importa se lula ganhar nesse momento como isentÃ£o sÃ³ ajudarÃ¡ o lado esquerdo.",Neutro
2022-07-31 21:59:47+00:00,1553863019456765954,@guimaraes13PT @OAmorTriunfou @LulaOficial Um Ã­cone Nacional!!!,Lula,   um Ã­cone nacional!!!,Neutro
2022-07-31 21:59:47+00:00,1553863018131476481,@LulaOficial @dilmabr Mentiroso Ã‰ VC.. nunca tiveram a intenÃ§Ã£o de terminar,Lula,  mentiroso Ã© vc.. nunca tiveram a intenÃ§Ã£o de terminar,Neutro
2022-07-31 21:59:47+00:00,1553863017179365382,"@rennatodutra Tem que encher de petistas no Congresso e nos governos estaduais tambÃ©m. Lula nÃ£o pode governar sozinho. AlÃ©m do mais, acho justo todo esse congresso que nÃ£o foi capaz de abrir impeachment contra um presidente que comete crimes diariamente, caia fora e nÃ£o fique um.",Lula," tem que encher de petistas no congresso e nos governos estaduais tambÃ©m. lula nÃ£o pode governar sozinho. alÃ©m do mais, acho justo todo esse congresso que nÃ£o foi capaz de abrir impeachment contra um presidente que comete crimes diariamente, caia fora e nÃ£o fique um.",Negativo
2022-07-31 21:59:47+00:00,1553863015988068352,@casemiro_dr Jair jÃ¡ votou no Lula ğŸ¤£ https://t.co/jUKPjDSBrc,Lula, jair jÃ¡ votou no lula ğŸ¤£ ,Negativo
2022-07-31 21:59:46+00:00,1553863014553686016,"@BiraFB @salseira @LulaOficial Kkkkk 2014 eu tava era bem demais. Saudades dos tempos do pt, era feliz e nÃ£o sabia kkkkkk",Lula,"   kkkkk 2014 eu tava era bem demais. saudades dos tempos do pt, era feliz e nÃ£o sabia kkkkkk",Neutro
2022-07-31 21:59:46+00:00,1553863012796301312,"@LulaOficial @gioewbank @brunogagliasso Sim!! Mas
, primeiro, vamos terminar esta meta, que Ã© um PaÃ­s sem corrupÃ§Ã£o.

Ou seja...

Vc nÃ£o serve, Lula!",Lula,"   sim!! mas, primeiro, vamos terminar esta meta, que Ã© um paÃ­s sem corrupÃ§Ã£o.ou seja...vc nÃ£o serve, lula!",Neutro
2022-07-31 21:59:44+00:00,1553863006764900353,@OlavoDiCarvalho @Nilsonhandebol @LulaOficial ğŸš©ğŸš€,Lula,   ğŸš©ğŸš€,Neutro
2022-07-31 21:59:44+00:00,1553863006110482437,@LulaOficial https://t.co/Wv1lp8iopO,Lula, ,Neutro
2022-07-31 21:59:42+00:00,1553862997172535299,@AdePersonal1504 @hirlandia @jairbolsonaro A pronto agora eu sou lula pq nÃ£o gosto do Bolsonaro kkkkkkkk,Lula,   a pronto agora eu sou lula pq nÃ£o gosto do bolsonaro kkkkkkkk,Neutro
2022-07-31 21:59:42+00:00,1553862995213795329,@vtrzinXx @Melacoh @LulaOficial Conversa fiada!,Lula,   conversa fiada!,Neutro
2022-07-31 21:59:41+00:00,1553862991682183169,"Lula presta solidariedade a Ewbank, Gagliasso e filhos: ""Vamos construir um mundo sem racismo"" https://t.co/BA2SbKf7W4",Lula,"lula presta solidariedade a ewbank, gagliasso e filhos: ""vamos construir um mundo sem racismo"" ",Neutro
2022-07-31 21:59:40+00:00,1553862988741939200,"@guimaraes13PT Isso era ha 12 anos atras.
Ha 12anos atras os USA tinham inflacao quase 0.
Hoje Ã© altissima pros padroes Americanos.
Na epoca de Lula que fez um bom1o governo, nao tinha Pandemia Covid19 nem Guerra da Ucrania com a Russia.
Por isso nao podemos comparar.",Lula," isso era ha 12 anos atras.ha 12anos atras os usa tinham inflacao quase 0.hoje Ã© altissima pros padroes americanos.na epoca de lula que fez um bom1o governo, nao tinha pandemia covid19 nem guerra da ucrania com a russia.por isso nao podemos comparar.",Positivo
2022-07-31 22:00:17+00:00,1553863142639370240,"@jairbolsonaro Estou precisando de fogÃ£o e geladeira.maqyina de lavar nem pensar nÃ©,? A vida do pobre Ã© muito difÃ­cil gente .o presidente tentaa .e a gente ? Consegue? NÃ£o conseguimos nem comer dira eletro domÃ©sticos...ğŸ˜°ğŸ˜¢",Bolsonaro," estou precisando de fogÃ£o e geladeira.maqyina de lavar nem pensar nÃ©,? a vida do pobre Ã© muito difÃ­cil gente .o presidente tentaa .e a gente ? consegue? nÃ£o conseguimos nem comer dira eletro domÃ©sticos...ğŸ˜°ğŸ˜¢",Neutro
2022-07-31 22:00:16+00:00,1553863139795603457,"Vc sabia? Bolsonaro sobre auxÃ­lio emergencial: 'Pede para o governador' 
 https://t.co/at9EpeB8sb",Bolsonaro,vc sabia? bolsonaro sobre auxÃ­lio emergencial: 'pede para o governador'  ,Neutro
2022-07-31 22:00:16+00:00,1553863139787214848,"Vc sabia? Governo Bolsonaro comeÃ§ou com um escÃ¢ndalo a cada trÃªs dias: Onyx, ex-mulher, ministros que tinham supersalÃ¡rios, aÃ§aÃ­, ministra JBS... 
 https://t.co/UGdPV36XDp",Bolsonaro,"vc sabia? governo bolsonaro comeÃ§ou com um escÃ¢ndalo a cada trÃªs dias: onyx, ex-mulher, ministros que tinham supersalÃ¡rios, aÃ§aÃ­, ministra jbs...  ",Neutro
2022-07-31 22:00:16+00:00,1553863137593532427,"Vc sabia? A comitiva presidencial de Jair Bolsonaro levou cocaÃ­na pra Europa 
 https://t.co/uYJT6365O2",Bolsonaro,vc sabia? a comitiva presidencial de jair bolsonaro levou cocaÃ­na pra europa  ,Neutro
2022-07-31 22:00:16+00:00,1553863137585233920,"Vc sabia? Flerte com o comunismo, diz conselheiro da Petrobras sobre Bolsonaro 
 https://t.co/p64X5BQXz6",Bolsonaro,"vc sabia? flerte com o comunismo, diz conselheiro da petrobras sobre bolsonaro  ",Neutro
2022-07-31 22:00:15+00:00,1553863137182597124,@mellojessica12 @tarcisiogdf @jairbolsonaro BelÃ­ssima,Bolsonaro,   belÃ­ssima,Neutro
2022-07-31 22:00:15+00:00,1553863136389783552,"Veja o que Jair M. Bolsonaro diz em sua conta no Twitter jairbolsonaro

E dados estatÃ­sticos dos dos Ãºltimos 7 dias:
Seguidores:8.514.403
PublicaÃ§Ãµes: 56
Total de likes: 1.523.834
Total de retweets: 304.902

 #BolsonaroPresidenteAte2026 https://t.co/d33lqDO6RL",Bolsonaro,veja o que jair m. bolsonaro diz em sua conta no twitter jairbolsonaroe dados estatÃ­sticos dos dos Ãºltimos 7 dias:seguidores:8.514.403publicaÃ§Ãµes: 56total de likes: 1.523.834total de retweets: 304.902  ,Positivo
2022-07-31 22:00:15+00:00,1553863134577922048,"@bolsonaro_1986 MPF,CORRE AQUI ğŸ˜‚ğŸ˜‚ğŸ˜‚ğŸ˜‚ğŸ˜‚",Bolsonaro," mpf,corre aqui ğŸ˜‚ğŸ˜‚ğŸ˜‚ğŸ˜‚ğŸ˜‚",Neutro
2022-07-31 22:00:13+00:00,1553863126575087617,"Lula fracassa como cabo eleitoral em estados-chave https://t.co/UjvIeZHu5P via @YouTube TEM QUE SER BOLSONARO SENÃƒO ESTAMOS FERRADOS COM A DITADURA QUE ELE JÃ FALOU EM ALGUNS DISCURSOS ANTERIORES,PENSEM COM CONSCIÃŠNCIA E PAIS QUE TEM FILHOS DE 16 ANOS ,SE QUISEREM TIRAR O TÃTULO",Bolsonaro,"lula fracassa como cabo eleitoral em estados-chave  via  tem que ser bolsonaro senÃ£o estamos ferrados com a ditadura que ele jÃ¡ falou em alguns discursos anteriores,pensem com consciÃªncia e pais que tem filhos de 16 anos ,se quiserem tirar o tÃ­tulo",Neutro
2022-07-31 22:00:11+00:00,1553863120556359681,"@jairbolsonaro ConfianÃ§a Ã© igual Vidro, quebrou nÃ£o remenda mais!!",Bolsonaro," confianÃ§a Ã© igual vidro, quebrou nÃ£o remenda mais!!",Neutro
2022-07-31 22:00:10+00:00,1553863115095347201,"@annya_bolsonaro Kkkkkkkkkk pelo jeito a vÃ©ia tem dinheiro ou Ã© retardada nivel hard, mas mandei pro zap pra verificar a veracidade",Bolsonaro," kkkkkkkkkk pelo jeito a vÃ©ia tem dinheiro ou Ã© retardada nivel hard, mas mandei pro zap pra verificar a veracidade",Negativo
2022-07-31 22:00:09+00:00,1553863109466628096,Por isso todo paÃ­s quer um Bolsonaro pra chamar de seu.. https://t.co/9jYYPt1g20,Bolsonaro,por isso todo paÃ­s quer um bolsonaro pra chamar de seu.. ,Neutro
2022-07-31 22:00:09+00:00,1553863108904599555,Desistiu de passar vergonha! Mais um traÃ­ra que fez fama agarrado ao nosso PR @jairbolsonaroâ€¦ https://t.co/0y8miYCQcp,Bolsonaro,desistiu de passar vergonha! mais um traÃ­ra que fez fama agarrado ao nosso pr  ,Neutro
2022-07-31 22:00:08+00:00,1553863107797307400,Se Ã© pro Roberto Jefferson entÃ£o que Bolsonaro saia da eleiÃ§Ã£o pq ele sabe o que fazer.,Bolsonaro,se Ã© pro roberto jefferson entÃ£o que bolsonaro saia da eleiÃ§Ã£o pq ele sabe o que fazer.,Neutro
2022-07-31 22:00:07+00:00,1553863100306268161,@SF_Moro ğŸ¤£ğŸ¤£ğŸ¤£ğŸ¤£ usando fala do Bolsonaro...alÃ©m de traÃ­ra Ã© sem criatividade.,Bolsonaro, ğŸ¤£ğŸ¤£ğŸ¤£ğŸ¤£ usando fala do bolsonaro...alÃ©m de traÃ­ra Ã© sem criatividade.,Neutro
2022-07-31 22:00:05+00:00,1553863093549162498,@FlavioBolsonaro @jairbolsonaro ğŸ‡§ğŸ‡·ğŸ†™Brazil,Bolsonaro,  ğŸ‡§ğŸ‡·ğŸ†™brazil,Neutro
2022-07-31 22:00:04+00:00,1553863087928885248,@Estadao Qual candidato que nÃ£o quer estar do lado do Bolsonaro se bobear atÃ© esquerdalhas querem kkk prÃ³ximo assunto.....,Bolsonaro, qual candidato que nÃ£o quer estar do lado do bolsonaro se bobear atÃ© esquerdalhas querem kkk prÃ³ximo assunto.....,Neutro
2022-07-31 22:00:02+00:00,1553863080983003139,Bolsonaro estÃ¡ certo da sua derrota,Bolsonaro,bolsonaro estÃ¡ certo da sua derrota,Neutro
2022-07-31 22:00:02+00:00,1553863079473172486,"VÃDEO 2,""""ACORDA BRASIL"""", ACORDA BRASIL, ACORDA BRASIL ENQUANTO AINDA HÃ TEMPO, BOLSONARO PRESIDENTE ATÃ‰ 2026 ELEITO NO PRIMEIRO TURNO DAS ELEIÃ‡Ã•ES PRESIDENCIAIS, BRASIL ACIMA DE TUDO, DEUS ACIMA DE TODOS ğŸ‡§ğŸ‡· ğŸ‡§ğŸ‡· ğŸ‡§ğŸ‡· ğŸ‡§ğŸ‡· ğŸ‡§ğŸ‡· ğŸ‡§ğŸ‡· ğŸ‡§ğŸ‡· ğŸ‡§ğŸ‡· ğŸ‡§ğŸ‡· ğŸ‡§ğŸ‡· ğŸ‡§ğŸ‡· ğŸ‡§ğŸ‡· ğŸ‡§ğŸ‡· ğŸ‡§ğŸ‡· ğŸ‡§ğŸ‡· ğŸ‡§ğŸ‡· ğŸ‡§ğŸ‡· ğŸ‡§ğŸ‡· ğŸ‡§ğŸ‡· ğŸ‡§ğŸ‡· ğŸ‡§ğŸ‡· ğŸ‡§ğŸ‡· ğŸ‡§ğŸ‡· ğŸ‡§ğŸ‡· ğŸ‡§ğŸ‡· https://t.co/IzZtndLnNY",Bolsonaro,"vÃ­deo 2,""""acorda brasil"""", acorda brasil, acorda brasil enquanto ainda hÃ¡ tempo, bolsonaro presidente atÃ© 2026 eleito no primeiro turno das eleiÃ§Ãµes presidenciais, brasil acima de tudo, deus acima de todos ğŸ‡§ğŸ‡· ğŸ‡§ğŸ‡· ğŸ‡§ğŸ‡· ğŸ‡§ğŸ‡· ğŸ‡§ğŸ‡· ğŸ‡§ğŸ‡· ğŸ‡§ğŸ‡· ğŸ‡§ğŸ‡· ğŸ‡§ğŸ‡· ğŸ‡§ğŸ‡· ğŸ‡§ğŸ‡· ğŸ‡§ğŸ‡· ğŸ‡§ğŸ‡· ğŸ‡§ğŸ‡· ğŸ‡§ğŸ‡· ğŸ‡§ğŸ‡· ğŸ‡§ğŸ‡· ğŸ‡§ğŸ‡· ğŸ‡§ğŸ‡· ğŸ‡§ğŸ‡· ğŸ‡§ğŸ‡· ğŸ‡§ğŸ‡· ğŸ‡§ğŸ‡· ğŸ‡§ğŸ‡· ğŸ‡§ğŸ‡· ",Negativo
2022-07-31 22:00:01+00:00,1553863078223220736,"@alertatotal @LulaOficial @jairbolsonaro @cirogomes JÃ¡ vi analista ruim, mas tu tÃ¡ de parabÃ©ns",Bolsonaro,"    jÃ¡ vi analista ruim, mas tu tÃ¡ de parabÃ©ns",Neutro
2022-07-31 22:00:01+00:00,1553863076805455872,"ğŸ“ ğŸ—£ï¸ Em artigo para o Reconta AÃ­, @Maufalavigna escreve que Bolsonaro - atual candidato Ã  reeleiÃ§Ã£o - nÃ£o enfrentarÃ¡ uma eleiÃ§Ã£o sem a supressÃ£o do nome de Lula das cÃ©dulas.

Leia: â¬ https://t.co/4S5GI2wcku",Bolsonaro,"ğŸ“ ğŸ—£ï¸ em artigo para o reconta aÃ­,  escreve que bolsonaro - atual candidato Ã  reeleiÃ§Ã£o - nÃ£o enfrentarÃ¡ uma eleiÃ§Ã£o sem a supressÃ£o do nome de lula das cÃ©dulas.leia: â¬ ",Neutro
2022-07-31 22:00:00+00:00,1553863074368602113,CONVENÃ‡ÃƒO DE APOIADORES DO CAPITÃƒO DO POVO JAIR BOLSONARO NO NORDESTE - ... https://t.co/6VZgECBfSZ via @YouTube,Bolsonaro,convenÃ§Ã£o de apoiadores do capitÃ£o do povo jair bolsonaro no nordeste - ...  via ,Negativo
2022-07-31 22:00:00+00:00,1553863072963407872,"â›”ï¸ Ao facilitar compra de armas, Bolsonaro vira sÃ³cio do crime organizado.

âŒ PCC utiliza liberaÃ§Ã£o para compra de armamento por meio do chamado CACs, que abrange colecionadores, atiradores ou caÃ§adores, para armar criminosos.

ğŸ“² Confira: https://t.co/aXnxxmxyXy",Bolsonaro,"â›”ï¸ ao facilitar compra de armas, bolsonaro vira sÃ³cio do crime organizado.âŒ pcc utiliza liberaÃ§Ã£o para compra de armamento por meio do chamado cacs, que abrange colecionadores, atiradores ou caÃ§adores, para armar criminosos.ğŸ“² confira: ",Negativo
2022-07-31 22:00:00+00:00,1553863071763931139,"@ClaraFernanndez Acho Ã³timo, desde que ele abra mÃ£o da candidatura antes do primeiro turno  favor do Bolsonaro.",Bolsonaro," acho Ã³timo, desde que ele abra mÃ£o da candidatura antes do primeiro turno  favor do bolsonaro.",Positivo
2022-07-31 21:59:59+00:00,1553863067477442563,#CapitaoNoPrimeiroTurno Foguete nÃ£o tem rÃ©!!! @jairbolsonaro,Bolsonaro, foguete nÃ£o tem rÃ©!!! ,Neutro
2022-07-31 21:59:56+00:00,1553863057494970369,@jairbolsonaro https://t.co/ayQvo0kXmP,Bolsonaro, ,Neutro
2022-07-31 21:59:56+00:00,1553863053757874177,@TradutordoBR @jairbolsonaro,Bolsonaro, ,Neutro
2022-07-31 21:59:55+00:00,1553863050775732224,"@jairbolsonaro O medo de nÃ£o ser reeleito Ã© grande, se nÃ£o tava mandando um foda-se pro povo. Mas nÃ£o se preocupe irÃ¡ perder e a cadeia te espera.",Bolsonaro," o medo de nÃ£o ser reeleito Ã© grande, se nÃ£o tava mandando um foda-se pro povo. mas nÃ£o se preocupe irÃ¡ perder e a cadeia te espera.",Neutro
2022-07-31 21:59:54+00:00,1553863046191251459,@jairbolsonaro LembranÃ§as! https://t.co/RzSWRGdpFn,Bolsonaro, lembranÃ§as! ,Neutro
2022-07-31 21:59:54+00:00,1553863045180522496,"@EduardoDeCostas @BolsonaroSP Mas ele nÃ£o tem mesmo! Controle direto do Estado no preÃ§o dos combustÃ­veis Ã© igual a Argentina hoje (vai pra lÃ¡ qq coisa). Bolsonaro conseguiu a reduÃ§Ã£o por mail indireto, sÃ³ se informar.",Bolsonaro,"  mas ele nÃ£o tem mesmo! controle direto do estado no preÃ§o dos combustÃ­veis Ã© igual a argentina hoje (vai pra lÃ¡ qq coisa). bolsonaro conseguiu a reduÃ§Ã£o por mail indireto, sÃ³ se informar.",Negativo
2022-07-31 21:59:53+00:00,1553863044475805697,Brazilian President Jair Bolsonaro made some of his most menacing comments yet about the potential for chaos and even mass violence if he were to lose reelection later this year. https://t.co/IJLd0SH3Ol,Bolsonaro,brazilian president jair bolsonaro made some of his most menacing comments yet about the potential for chaos and even mass violence if he were to lose reelection later this year. ,Negativo
2022-07-31 21:59:53+00:00,1553863041766268931,"Motociata de Bolsonaro que ocorreu hoje em Londres 

Show!!
#BolsonaroNoPrimeiroTurno 
#capitaodopovo ğŸ‡§ğŸ‡·ğŸ‡§ğŸ‡·ğŸ‡§ğŸ‡· https://t.co/6ZEG1q8sQa",Bolsonaro,motociata de bolsonaro que ocorreu hoje em londres show!!  ğŸ‡§ğŸ‡·ğŸ‡§ğŸ‡·ğŸ‡§ğŸ‡· ,Neutro
2022-07-31 21:59:53+00:00,1553863041082597385,"@Mclarenmp4aaa @carlos_soba @bibonunes1 1o Turno #PrefiroCiro, em caso de 2o Turno, votarei contra Bolsonaro.",Bolsonaro,"   1o turno  em caso de 2o turno, votarei contra bolsonaro.",Neutro
2022-07-31 21:59:52+00:00,1553863040319234051,@FlavioBolsonaro @jairbolsonaro https://t.co/MXtTj9Y9uG,Bolsonaro,  ,Neutro
2022-07-31 21:59:48+00:00,1553863022745210880,LÃ©o Santana Ã© pro Bolsonaro?,Bolsonaro,lÃ©o santana Ã© pro bolsonaro?,Neutro
2022-07-31 21:59:48+00:00,1553863020287348736,"@_FridaFeminista Assino em baixo, defendendo bolsonaro genocida na cadeia.",Bolsonaro," assino em baixo, defendendo bolsonaro genocida na cadeia.",Neutro
2022-07-31 21:59:44+00:00,1553863004642476033,"@FaisirN Isto nÃ£o passa de um movimento forÃ§ado, a espontaneidade passa longe deste pessoal, os lÃ­deres estÃ£o implorando, gastando centenas de quilos de mortadela, pÃ£o ğŸ e mais trintÃ£o e nem os gritos da plebe convencem a eles mesmos. Bolsonaro Reeleito Represidente em janeiro de 2023.",Bolsonaro," isto nÃ£o passa de um movimento forÃ§ado, a espontaneidade passa longe deste pessoal, os lÃ­deres estÃ£o implorando, gastando centenas de quilos de mortadela, pÃ£o ğŸ e mais trintÃ£o e nem os gritos da plebe convencem a eles mesmos. bolsonaro reeleito represidente em janeiro de 2023.",Neutro
2022-07-31 21:59:43+00:00,1553862999185793028,@JosuePatriota Exatamente! Bolsonaro estÃ¡ na frente! E os lulistas nem querem ser assumidos como petistas! Que vergonha! ğŸ¤¦â€â™€ï¸ğŸ¤¦ğŸ¿â€â™‚ï¸,Bolsonaro, exatamente! bolsonaro estÃ¡ na frente! e os lulistas nem querem ser assumidos como petistas! que vergonha! ğŸ¤¦â€â™€ï¸ğŸ¤¦ğŸ¿â€â™‚ï¸,Neutro
2022-07-31 21:59:42+00:00,1553862997990326275,"@hoje_no NÃ£o se preocupem. Se tiver uma guerra entre Kosovo x Servia, o Bolsonaro liga lÃ¡ e resolve o problema, assim como ele resolveu na UcrÃ¢nia. Deixem de alarmismo, tÃ¡ tudo sobre controle.",Bolsonaro," nÃ£o se preocupem. se tiver uma guerra entre kosovo x servia, o bolsonaro liga lÃ¡ e resolve o problema, assim como ele resolveu na ucrÃ¢nia. deixem de alarmismo, tÃ¡ tudo sobre controle.",Positivo
2022-07-31 21:59:42+00:00,1553862997805654017,"Volunteer Fire Brigades Are Resisting Bolsonaro's Ecological Assault on Brazil: Truthout https://t.co/qhLskjJhIs 

MORE w/ EcoSearch: https://t.co/q2QUhXBGQn",Bolsonaro,volunteer fire brigades are resisting bolsonaro's ecological assault on brazil: truthout  more w/ ecosearch: ,Negativo
2022-07-31 21:59:42+00:00,1553862997172535299,@AdePersonal1504 @hirlandia @jairbolsonaro A pronto agora eu sou lula pq nÃ£o gosto do Bolsonaro kkkkkkkk,Bolsonaro,   a pronto agora eu sou lula pq nÃ£o gosto do bolsonaro kkkkkkkk,Neutro
2022-07-31 21:59:42+00:00,1553862995977060352,"@GugaNoblat Somos gado do Bolsonaro, mesmo! 
Gado tem mt serventia, jÃ¡ jumento q nem vc sÃ³ serve pra puxar carroÃ§a ou carregar alguÃ©m no lombo.",Bolsonaro," somos gado do bolsonaro, mesmo! gado tem mt serventia, jÃ¡ jumento q nem vc sÃ³ serve pra puxar carroÃ§a ou carregar alguÃ©m no lombo.",Negativo
2022-07-31 21:59:40+00:00,1553862989085810688,@jairbolsonaro Tamujuntos ğŸ˜ğŸ”°ğŸ‡§ğŸ‡·ğŸ™â™¥ï¸âœï¸ https://t.co/cg9LhjgmCN,Bolsonaro, tamujuntos ğŸ˜ğŸ”°ğŸ‡§ğŸ‡·ğŸ™â™¥ï¸âœï¸ ,Neutro
2022-07-31 21:59:39+00:00,1553862983905951747,"@penteado_c @equibrio @jairbolsonaro Cara,nÃ£o discuti com quem usa tornozeleira eletrÃ´nica...",Bolsonaro,"   cara,nÃ£o discuti com quem usa tornozeleira eletrÃ´nica...",Neutro
2022-07-31 21:59:39+00:00,1553862983188709378,"@deltanmd O fim da reeleiÃ§Ã£o faria uma faxina na polÃ­tica brasileira,a bandalheira da reeleiÃ§Ã£o presidencial foi por obra e graÃ§a do FHC,para manter-se no poder,comprou todos os picaretas,o Meliante M'or assim o fez,bem como faz Bolsonaro.Pior que sÃ£o os mesmos picaretas que se vendem !",Bolsonaro," o fim da reeleiÃ§Ã£o faria uma faxina na polÃ­tica brasileira,a bandalheira da reeleiÃ§Ã£o presidencial foi por obra e graÃ§a do fhc,para manter-se no poder,comprou todos os picaretas,o meliante m'or assim o fez,bem como faz bolsonaro.pior que sÃ£o os mesmos picaretas que se vendem !",Negativo
2022-07-31 21:59:39+00:00,1553862983004168192,"Hoje, 31/07/22, na festa da cidade de Alfredo Chaves o governador Casagrande  e a sua vice foram convidados para virar as panelas de doce de leite. AlÃ©m das vaias na hora que chegaram o povo comeÃ§ou a gritar Bolsonaro! Ele ficou dando um sorrisinho sem graÃ§a! https://t.co/P2pcppFKpo",Bolsonaro,"hoje, 31/07/22, na festa da cidade de alfredo chaves o governador casagrande  e a sua vice foram convidados para virar as panelas de doce de leite. alÃ©m das vaias na hora que chegaram o povo comeÃ§ou a gritar bolsonaro! ele ficou dando um sorrisinho sem graÃ§a! ",Neutro
2022-07-31 21:59:35+00:00,1553862968739352579,@camilamoreno13_ Sim vamos derrotar os corruptos e mandar pra casa do karaio esses bandidos que acabaram com nosso paÃ­s. Vamos reeleger @jairbolsonaro,Bolsonaro, sim vamos derrotar os corruptos e mandar pra casa do karaio esses bandidos que acabaram com nosso paÃ­s. vamos reeleger ,Neutro
2022-07-31 21:59:34+00:00,1553862964226162694,"RT @joao_jb22: De verdade, Bolsonaro deve ter hj 60% dos votos!

Mas a imprensa, Ã‡TF/TÃ‡3, a elite bilionÃ¡ria e td o establishment podre estÃ£o usando a estratÃ©gia NAZISTA pra tentar vencer as eleiÃ§Ãµes!

Somos maioria mas temos que lutar p/ vencer! Mostremâ€¦ https://t.co/afwZednz66",Bolsonaro,"rt  de verdade, bolsonaro deve ter hj 60% dos votos!mas a imprensa, Ã§tf/tÃ§3, a elite bilionÃ¡ria e td o establishment podre estÃ£o usando a estratÃ©gia nazista pra tentar vencer as eleiÃ§Ãµes!somos maioria mas temos que lutar p/ vencer! mostremâ€¦ ",Neutro
2022-07-31 21:59:33+00:00,1553862960862445569,"@TerraBrasilnot Vontade de cassar o presidente Bolsonaro nÃ£o falta... Mas tem um problema, o povo nao deixa. ğŸ‡§ğŸ‡·ğŸ˜‚",Bolsonaro," vontade de cassar o presidente bolsonaro nÃ£o falta... mas tem um problema, o povo nao deixa. ğŸ‡§ğŸ‡·ğŸ˜‚",Neutro
2022-07-31 21:59:33+00:00,1553862958907801607,@Theappr53235130 @tat_oz @JoaoNorbertoG1 @irenefreitas57 @jairbolsonaro BOLSONARISTA.,Bolsonaro,     bolsonarista.,Neutro
2022-07-31 21:59:31+00:00,1553862950384975875,@revistaoeste Golpe armado para ter apoio dos Estados no golpe certo que o STF darÃ¡ no Bolsonaro.,Bolsonaro, golpe armado para ter apoio dos estados no golpe certo que o stf darÃ¡ no bolsonaro.,Negativo
2022-07-31 22:00:11+00:00,1553863117423132673,"@todoscomciro @CiroProg  Espetacular, Genial, Atordoante e muito extraordinÃ¡ria a capacidade intelectual de Ciro Gomes, mesmo diante de entrevistadores mal intencionados ou aquÃ©m da riqueza dos esclarecimentos concedidos. ParabÃ©ns por mais um show de verdades @cirogomes!",Ciro Gomes,"   espetacular, genial, atordoante e muito extraordinÃ¡ria a capacidade intelectual de ciro gomes, mesmo diante de entrevistadores mal intencionados ou aquÃ©m da riqueza dos esclarecimentos concedidos. parabÃ©ns por mais um show de verdades ",Positivo
2022-07-31 22:00:01+00:00,1553863078223220736,"@alertatotal @LulaOficial @jairbolsonaro @cirogomes JÃ¡ vi analista ruim, mas tu tÃ¡ de parabÃ©ns",Ciro Gomes,"    jÃ¡ vi analista ruim, mas tu tÃ¡ de parabÃ©ns",Neutro
2022-07-31 21:59:48+00:00,1553863020681609217,"E eu que meti um #PrefiroCiro na convenÃ§Ã£o.
Sou oficialmente candidato a deputado Estadual por Pernambuco. Vamos simbora eleger Ciro Gomes Presidente. https://t.co/WJh3HtkBY3",Ciro Gomes,e eu que meti um  na convenÃ§Ã£o.sou oficialmente candidato a deputado estadual por pernambuco. vamos simbora eleger ciro gomes presidente. ,Neutro
2022-07-31 21:59:36+00:00,1553862971612434437,"@heytauat @cirogomes @CartunistaT Tchau querida foi a melhor kkkkkk

ğŸ¤­ğŸ˜‚ğŸ¤£ğŸ˜‚ğŸ¤­",Ciro Gomes,   tchau querida foi a melhor kkkkkkğŸ¤­ğŸ˜‚ğŸ¤£ğŸ˜‚ğŸ¤­,Neutro
2022-07-31 21:59:34+00:00,1553862961994809345,@cirogomes VendilhÃ£o nÃ£o ganhou nÃ©? Ainda bem!,Ciro Gomes, vendilhÃ£o nÃ£o ganhou nÃ©? ainda bem!,Neutro
2022-07-31 21:59:22+00:00,1553862913886126087,@Vana_FN @itjoelrs @cirogomes @CartunistaT E quem nunca foi e nunca serÃ¡ presidente.kkkk,Ciro Gomes,    e quem nunca foi e nunca serÃ¡ presidente.kkkk,Neutro
2022-07-31 21:59:18+00:00,1553862895573909504,"@AyrtonO12824125 @cirogomes Seria uma Katia Abreu versÃ£o 22?
ğŸ‘€ğŸ‘€ğŸ‘€ğŸ‘€",Ciro Gomes,  seria uma katia abreu versÃ£o 22?ğŸ‘€ğŸ‘€ğŸ‘€ğŸ‘€,Neutro
2022-07-31 21:59:09+00:00,1553862860387794945,"@cirogomes Tenho certeza que de la do ceu Dona Maria esta muito orgulhosa deste filho dela, um homem integro, inteligente, de principios, que ela soube educar e orientar tao bem. â¤ï¸ğŸŒ¹
De la de cima ela esta te abenÃ§oando, meu presidente. ğŸ™ğŸ¥°",Ciro Gomes," tenho certeza que de la do ceu dona maria esta muito orgulhosa deste filho dela, um homem integro, inteligente, de principios, que ela soube educar e orientar tao bem. â¤ï¸ğŸŒ¹de la de cima ela esta te abenÃ§oando, meu presidente. ğŸ™ğŸ¥°",Neutro
2022-07-31 21:59:07+00:00,1553862851747536898,@BelemJameson Ciro Gomes estÃ¡ com AÃ©cio e pediu alianÃ§a com os partidos citados. Muita incoerÃªncia....,Ciro Gomes, ciro gomes estÃ¡ com aÃ©cio e pediu alianÃ§a com os partidos citados. muita incoerÃªncia....,Neutro
2022-07-31 21:59:06+00:00,1553862847020601347,@cirogomes @CartunistaT Perfeito ğŸ¤£ğŸ¤£ğŸ¤£,Ciro Gomes,  perfeito ğŸ¤£ğŸ¤£ğŸ¤£,Neutro
2022-07-31 21:59:04+00:00,1553862837331714048,"@EvaLopesdaSilv4 @Vana_FN @itjoelrs @cirogomes @CartunistaT e o q o ciro fez, eva? o q? reforÃ§ou o antipetismo. que lÃ³gica Ã© essa?",Ciro Gomes,"     e o q o ciro fez, eva? o q? reforÃ§ou o antipetismo. que lÃ³gica Ã© essa?",Neutro
2022-07-31 21:59:00+00:00,1553862819254341632,@marivalentimdf @cirogomes Vai ser do PSDB de SÃ£o Paulo,Ciro Gomes,  vai ser do psdb de sÃ£o paulo,Neutro
2022-07-31 21:58:58+00:00,1553862812535062531,"@cirogomes @CartunistaT Puta que pariu bicho! Que merda Ã© essa! Toma no cu, cifude com essa merda bicho, que lixo cara, que decepÃ§Ã£o, jÃ¡ tava uma bosta essa campanha, agora jogou a pÃ¡ de cal  nessa caralha de campanha. Vai pra FranÃ§a irmÃ£o!",Ciro Gomes,"  puta que pariu bicho! que merda Ã© essa! toma no cu, cifude com essa merda bicho, que lixo cara, que decepÃ§Ã£o, jÃ¡ tava uma bosta essa campanha, agora jogou a pÃ¡ de cal  nessa caralha de campanha. vai pra franÃ§a irmÃ£o!",Negativo
2022-07-31 21:58:57+00:00,1553862806184894466,"@carmelonetobr @jairbolsonaro Vc jÃ¡ sabe q Ã± vai se eleger, nÃ©??
Pq no CE: ou Ã© ligado ao candidato Ciro Gomes ou Ã© ligado ao candidato ao Lula/PT ou Ã s Esquerdas
Como vc nÃ£o Ã© ligado a nenhum deles, provavelmente nÃ£o se elege deputado
E provavelmente tb nÃ£o se reelegerÃ¡ em 2024
Se assim for, melhor p/o CearÃ¡",Ciro Gomes,"  vc jÃ¡ sabe q Ã± vai se eleger, nÃ©??pq no ce: ou Ã© ligado ao candidato ciro gomes ou Ã© ligado ao candidato ao lula/pt ou Ã s esquerdascomo vc nÃ£o Ã© ligado a nenhum deles, provavelmente nÃ£o se elege deputadoe provavelmente tb nÃ£o se reelegerÃ¡ em 2024se assim for, melhor p/o cearÃ¡",Negativo
2022-07-31 21:58:51+00:00,1553862783795662848,"@MarxSimpsons @cirogomes Um bom governo depende de muitos fatores ,como a situaÃ§Ã£o externa, os resultados do governo anterior, Lula teve sorte de ter tudo isso, as commodities, a lei de responsabilidade fiscal ,projetos como o Bolsa escola e o FIES,  tudo isso ajudou muito Lula a ter bons resultados.",Ciro Gomes,"  um bom governo depende de muitos fatores ,como a situaÃ§Ã£o externa, os resultados do governo anterior, lula teve sorte de ter tudo isso, as commodities, a lei de responsabilidade fiscal ,projetos como o bolsa escola e o fies,  tudo isso ajudou muito lula a ter bons resultados.",Neutro
2022-07-31 21:58:45+00:00,1553862757023469575,@cirogomes @CartunistaT Que ridÃ­culo. Pelo menos vc estÃ¡ igual ao desenho. HorrÃ­vel!kkkkk,Ciro Gomes,  que ridÃ­culo. pelo menos vc estÃ¡ igual ao desenho. horrÃ­vel!kkkkk,Neutro
2022-07-31 21:58:39+00:00,1553862734097399808,@danthecandido @parox40 @cirogomes Mas discorda do quÃª dessa corrente politica? Vai votar no capitÃ£o?,Ciro Gomes,   mas discorda do quÃª dessa corrente politica? vai votar no capitÃ£o?,Negativo
2022-07-31 21:58:33+00:00,1553862705735471107,"@EliasAllif @cirogomes As Ãºnicas conquistas capitalistas foram a desigualdade social, o acÃºmulo de renda e a opressÃ£o ao trabalhador. Quem separa produÃ§Ã£o e consumo sÃ£o os liberais.",Ciro Gomes,"  as Ãºnicas conquistas capitalistas foram a desigualdade social, o acÃºmulo de renda e a opressÃ£o ao trabalhador. quem separa produÃ§Ã£o e consumo sÃ£o os liberais.",Neutro
2022-07-31 21:58:29+00:00,1553862692192092161,Ihhhh! @cirogomes kkkkkkk https://t.co/DVEgbeKyyJ,Ciro Gomes,ihhhh!  kkkkkkk ,Neutro
2022-07-31 21:58:09+00:00,1553862606015942664,"@faornelas @Mindful2022 @hugossouto @cirogomes @CartunistaT que obrigar o lula, cara? que poder vc acha q eu tenho? cresce, fÃ¡bio",Ciro Gomes,"     que obrigar o lula, cara? que poder vc acha q eu tenho? cresce, fÃ¡bio",Neutro
2022-07-31 21:58:00+00:00,1553862567973486592,"@cirogomes @CartunistaT Fiquei com vergonha desse vÃ­deo kkkk, a que ponto o Ciro Gomes chegouğŸ˜‚ğŸ˜‚ğŸ˜‚ğŸ˜‚ğŸ˜‚!",Ciro Gomes,"  fiquei com vergonha desse vÃ­deo kkkk, a que ponto o ciro gomes chegouğŸ˜‚ğŸ˜‚ğŸ˜‚ğŸ˜‚ğŸ˜‚!",Neutro
2022-07-31 21:57:56+00:00,1553862551997382662,"@ThaisRMaschio Meu voto sempre foi do Ciro Gomes, mas agora em outubro vou ficar de olho nas pesquisasâ€¦ pela primeira vez cogito votar em Lula pra nÃ£o correr o risco de Bolsonaro ganhar pro primeiro turno.",Ciro Gomes," meu voto sempre foi do ciro gomes, mas agora em outubro vou ficar de olho nas pesquisasâ€¦ pela primeira vez cogito votar em lula pra nÃ£o correr o risco de bolsonaro ganhar pro primeiro turno.",Neutro
2022-07-31 21:57:51+00:00,1553862529276956679,@cirogomes @CartunistaT @gaiofact atenÃ§Ã£o,Ciro Gomes,   atenÃ§Ã£o,Neutro
2022-07-31 21:57:44+00:00,1553862499954528257,"@rital1n0 @Vana_FN @itjoelrs @cirogomes @CartunistaT Onde vc estava na eleiÃ§Ã£o passada? Em Marte? Quem elegeu o Bozo foi o antipetismo! Mesmo que o Ciro subisse no palanque com o poste e aquela cambada, o PT nÃ£o ganharia. Ã‰ sÃ³ somar os votos. MatemÃ¡tica simples! Mas alguÃ©m tem que ser o bode expiatÃ³rio, nÃ©? Ciro fez muito bem!!!",Ciro Gomes,"     onde vc estava na eleiÃ§Ã£o passada? em marte? quem elegeu o bozo foi o antipetismo! mesmo que o ciro subisse no palanque com o poste e aquela cambada, o pt nÃ£o ganharia. Ã© sÃ³ somar os votos. matemÃ¡tica simples! mas alguÃ©m tem que ser o bode expiatÃ³rio, nÃ©? ciro fez muito bem!!!",Negativo
2022-07-31 21:57:34+00:00,1553862460402196482,@cirogomes kkkk,Ciro Gomes, kkkk,Neutro
2022-07-31 21:57:32+00:00,1553862450545573891,"@cirogomes @CartunistaT Ã‰ o mestre dos magos mesmo, quando precisam realmente dele ele some hahahah geralmente para Paris",Ciro Gomes,"  Ã© o mestre dos magos mesmo, quando precisam realmente dele ele some hahahah geralmente para paris",Neutro
2022-07-31 21:57:23+00:00,1553862412717146113,"@teixeira_aulus @ROBERTOALVESME2 @vinimaxreal @cirogomes Acorda p vida vc, vcs n vao tirar nd, o cara tem apoio popular, o Ciro nÃ£o vai pro segunto turno nem aqui nem em Paris ğŸ˜“",Ciro Gomes,"    acorda p vida vc, vcs n vao tirar nd, o cara tem apoio popular, o ciro nÃ£o vai pro segunto turno nem aqui nem em paris ğŸ˜“",Positivo
2022-07-31 21:57:12+00:00,1553862367422865408,@cirogomes @CartunistaT O Haddad Ã© o Hankâ¤ O mais bonito competente. Ã‰ fÃ£ ou hater???????,Ciro Gomes,  o haddad Ã© o hankâ¤ o mais bonito competente. Ã© fÃ£ ou hater???????,Negativo
2022-07-31 21:57:05+00:00,1553862340101152768,@cirogomes @CartunistaT @pamagarinos ğŸ¤£ğŸ¤£ğŸ¤£,Ciro Gomes,   ğŸ¤£ğŸ¤£ğŸ¤£,Neutro
2022-07-31 21:57:04+00:00,1553862334338195461,"@cvietra @cirogomes @CartunistaT Vc Ã© cego? TÃ¡ precisando de Ã³culos?
Onde tÃ¡ vendo Ciro aÃ­, coisinha?

Ah, Ã© sÃ³ um bot insignificante.
Precisando inventar, nÃ©? Ã‰ a trÃ¡gica sina dos adoradores do lularÃ¡pio.
Nunca vai sair disso. https://t.co/NQkSoCFTVB",Ciro Gomes,"   vc Ã© cego? tÃ¡ precisando de Ã³culos?onde tÃ¡ vendo ciro aÃ­, coisinha?ah, Ã© sÃ³ um bot insignificante.precisando inventar, nÃ©? Ã© a trÃ¡gica sina dos adoradores do lularÃ¡pio.nunca vai sair disso. ",Neutro
2022-07-31 21:57:02+00:00,1553862323982536704,@marivalentimdf @cirogomes Ana AmÃ©lia,Ciro Gomes,  ana amÃ©lia,Neutro
2022-07-31 21:57:01+00:00,1553862323504291840,@rital1n0 @Mindful2022 @hugossouto @cirogomes @CartunistaT Vai obrigar Lula a debater e derrotar ele. #PrefiroCiro,Ciro Gomes,     vai obrigar lula a debater e derrotar ele. ,Neutro
2022-07-31 21:56:57+00:00,1553862302784520201,"@EleitorQ @zunaras @cirogomes @jairbolsonaro @LulaOficial Muito boa a criaÃ§Ã£o, mas dÃ¡ medo.ğŸ¥´",Ciro Gomes,"     muito boa a criaÃ§Ã£o, mas dÃ¡ medo.ğŸ¥´",Neutro
2022-07-31 21:56:29+00:00,1553862189089529859,@pauloboldrin @cirogomes SÃ©rio q o Daciollo tÃ¡ no pareo?,Ciro Gomes,  sÃ©rio q o daciollo tÃ¡ no pareo?,Negativo
2022-07-31 21:56:23+00:00,1553862163936284688,"@Mindful2022 @hugossouto @cirogomes @CartunistaT mano, o cara fugiu de sua responsabilidade EM UMA ELEIÃ‡ÃƒO EM CURSO CONTRA UM FASCISTA. nÃ£o Ã© possÃ­vel q vc ache isso ok, cara.",Ciro Gomes,"    mano, o cara fugiu de sua responsabilidade em uma eleiÃ§Ã£o em curso contra um fascista. nÃ£o Ã© possÃ­vel q vc ache isso ok, cara.",Negativo
2022-07-31 21:56:23+00:00,1553862163105824768,"@gomyde @cirogomes O Bravateiro e mentiroso do Ciroquio nÃ£o desiste mesmoâ€¦

https://t.co/cXQbBmKh77",Ciro Gomes,  o bravateiro e mentiroso do ciroquio nÃ£o desiste mesmoâ€¦,Neutro
2022-07-31 21:56:12+00:00,1553862115336900608,"@cirogomes @CartunistaT Tomara que quando voltar a TV globinho coloquem o desenho Caverna do DragÃ£o, pois tenho certeza que vcs nunca assistiram",Ciro Gomes,"  tomara que quando voltar a tv globinho coloquem o desenho caverna do dragÃ£o, pois tenho certeza que vcs nunca assistiram",Neutro
2022-07-31 21:55:58+00:00,1553862058592145409,@cirogomes @GloboNews Tenho mais o que fazer.,Ciro Gomes,  tenho mais o que fazer.,Neutro
2022-07-31 21:55:56+00:00,1553862049213648902,@LeoGona20494093 @cirogomes Ela confirmou sua candidatura a deputada Federal...complicou tudo.,Ciro Gomes,  ela confirmou sua candidatura a deputada federal...complicou tudo.,Neutro
2022-07-31 21:55:56+00:00,1553862048794255360,@cirogomes @CartunistaT Carai quÃª coisa tosca pqp,Ciro Gomes,  carai quÃª coisa tosca pqp,Neutro
2022-07-31 21:55:56+00:00,1553862048735453186,@brainletbr WTF??????? Ancap servidor publico? Eleitor do ciro gomes? Ciro gomes libertÃ¡rio? kkkkkkkkkkkkkkkkkkkkkkkkkkkkkkkkkkkkkkkkkkkkkkkkkkkkkkkkkkkkkkkkk,Ciro Gomes, wtf??????? ancap servidor publico? eleitor do ciro gomes? ciro gomes libertÃ¡rio? kkkkkkkkkkkkkkkkkkkkkkkkkkkkkkkkkkkkkkkkkkkkkkkkkkkkkkkkkkkkkkkkk,Negativo
2022-07-31 21:55:51+00:00,1553862029320114177,@freitasarthur1_ @EleitorQ @cirogomes @jairbolsonaro @LulaOficial cu https://t.co/N1BsQzRLA5,Ciro Gomes,     cu ,Neutro
2022-07-31 21:55:48+00:00,1553862015856386051,@marivalentimdf @cirogomes A vice pode ser do PSD Maria AmÃ©lia.,Ciro Gomes,  a vice pode ser do psd maria amÃ©lia.,Neutro
2022-07-31 21:55:32+00:00,1553861947724013568,@cirogomes @CartunistaT Pelo amor em Ciro ... Tem que demitir essa assessoria aÃ­!!,Ciro Gomes,  pelo amor em ciro ... tem que demitir essa assessoria aÃ­!!,Positivo
2022-07-31 21:55:26+00:00,1553861922210168833,"@yupira2 @ROBERTOALVESME2 @vinimaxreal @cirogomes Ajudar o cara que criou o Bolsonaro a ganhar no primeiro turno pra que?

NÃ³s queremos tirar Bolsonaro do segundo turno e obrigar esse inescrupuloso do Lula a debater o paÃ­s e responder suas contradiÃ§Ãµes.

Acorda pra vida! Lula Ã© parte do problema!",Ciro Gomes,    ajudar o cara que criou o bolsonaro a ganhar no primeiro turno pra que?nÃ³s queremos tirar bolsonaro do segundo turno e obrigar esse inescrupuloso do lula a debater o paÃ­s e responder suas contradiÃ§Ãµes.acorda pra vida! lula Ã© parte do problema!,Negativo
2022-07-31 21:55:19+00:00,1553861893823029248,"@cirogomes @CartunistaT Se alguÃ©m lhe perguntar o que Ã© cringe, mostre esse vÃ­deo.",Ciro Gomes,"  se alguÃ©m lhe perguntar o que Ã© cringe, mostre esse vÃ­deo.",Neutro
2022-07-31 21:55:11+00:00,1553861860461613056,"@faornelas @Mindful2022 @hugossouto @cirogomes @CartunistaT nossa, parabÃ©ns. quero ver o q ele vai fazer qdo chegar o segundo turno",Ciro Gomes,"     nossa, parabÃ©ns. quero ver o q ele vai fazer qdo chegar o segundo turno",Neutro
2022-07-31 21:55:09+00:00,1553861850101579779,@Mindful2022 @rital1n0 @hugossouto @cirogomes @CartunistaT Empalou o petisco! Kkkkk,Ciro Gomes,     empalou o petisco! kkkkk,Neutro
2022-07-31 21:55:07+00:00,1553861841700683776,"@kimpaim Ciro Nogueira em convenÃ§Ã£o do PDT?
Com cartaz do Ciro Gomes?

Explica aÃ­, orelhudo! https://t.co/k6yDPxcri3",Ciro Gomes," ciro nogueira em convenÃ§Ã£o do pdt?com cartaz do ciro gomes?explica aÃ­, orelhudo! ",Neutro
2022-07-31 21:55:03+00:00,1553861824667344906,@cirogomes @CartunistaT Totalmente perdido,Ciro Gomes,  totalmente perdido,Neutro
2022-07-31 21:54:37+00:00,1553861717918187521,@emirsader Calma lÃ¡! Existem nomes melhores para presidente! @simonetebetbr @cirogomes @AndreJanonesAdv...,Ciro Gomes, calma lÃ¡! existem nomes melhores para presidente!   ,Neutro
